23,OD000720211209014021,เอ็ม เอ็ม,0957763895,"UdonThani
53",ems,transfer,,2021-12-09 01:40:22.516133,0,,,7,,
24,OD000720211209014358,Piter Parker,09999999,53,ems,transfer,,2021-12-09 01:44:00.125653,0,,,7,,
25,OD000720211209014741,Piter Parker,09999999,53,ems,transfer,,2021-12-09 01:47:42.257766,0,,,7,,
26,OD000720211209015241,Piter Parker,09999999,53,ems,transfer,,2021-12-09 01:52:41.599795,0,,,7,,
27,OD000720211209133232,สุขสันต์ เชยชม,09999999,UdonThani,register,cod,,2021-12-09 13:32:32.971023,0,,,7,,
28,OD000720211209143321,aimnoii,7777777777,UdonThani,ems,transfer,,2021-12-09 14:33:22.048480,0,,,7,,
29,OD000720211209143547,สุขสันต์ เชยชม,0957763895,UdonThani,ems,cod,,2021-12-09 14:35:48.566005,0,,,7,,
30,OD000720211209163121,เอ็ม เอ็ม,0957763895,"UdonThani
53",ems,transfer,,2021-12-09 16:31:22.504575,0,,,7,,
31,OD000720211209163138,สุขสันต์ เชยชม,0957763895,UdonThani,ems,transfer,,2021-12-09 16:31:40.797158,0,,,7,,
32,OD000720211209163230,aimnoii,0957763895,UdonThani,ems,transfer,,2021-12-09 16:32:31.883136,0,,,7,,
33,OD000720211209163240,Suksan Choeichom,0957763895,"UdonThani
53",ems,transfer,,2021-12-09 16:32:41.238813,0,,,7,,
34,OD000720211209163251,เอ็ม เอ็ม,7777777777,"UdonThani
53",ems,transfer,,2021-12-09 16:32:52.207474,0,,,7,,
35,OD000720211209163302,aimnoii,+66957763895,UdonThani,ems,transfer,,2021-12-09 16:33:03.020180,0,,,7,,
